{
    "constant": {
        "data_title": {
            "value": "data_title 2"
        },
        "measurement_date": {
            "value": "2024-07-26T00:00:00"
        },
        "x_label": {
            "value": "x(unit)"
        },
        "y_label": {
            "value": "y(unit)"
        },
        "series_number": {
            "value": 3,
            "unit": "PCS"
        },
        "invoice_string1": {
            "value": "1"
        }
    },
    "variable": [
        {
            "series_name": {
                "value": "series1"
            },
            "series_data_count": {
                "value": 15,
                "unit": "PCS"
            },
            "series_data_mean": {
                "value": 108.87
            },
            "series_data_median": {
                "value": 104.0
            },
            "series_data_max": {
                "value": 200.0
            },
            "series_data_min": {
                "value": 82.0
            },
            "series_data_stdev": {
                "value": 26.01
            }
        },
        {
            "series_name": {
                "value": "series2"
            },
            "series_data_count": {
                "value": 11,
                "unit": "PCS"
            },
            "series_data_mean": {
                "value": 88.45
            },
            "series_data_median": {
                "value": 102.0
            },
            "series_data_max": {
                "value": 109.0
            },
            "series_data_min": {
                "value": 41.0
            },
            "series_data_stdev": {
                "value": 24.88
            }
        },
        {
            "series_name": {
                "value": "series3"
            },
            "series_data_count": {
                "value": 12,
                "unit": "PCS"
            },
            "series_data_mean": {
                "value": 89.52
            },
            "series_data_median": {
                "value": 101.6
            },
            "series_data_max": {
                "value": 109.0
            },
            "series_data_min": {
                "value": 41.0
            },
            "series_data_stdev": {
                "value": 24.01
            }
        }
    ]
}