{
  "dataset" : {
    "datasetId" : "*****************************************************",
    "datasetName" : "NIMS_TRIAL_DATASET_20230515B",
    "programName" : "NIMS研究および共同研究プロジェクト",
    "grantNumber" : "NIMS_TRIAL_KADAI_TP20230509-1",
    "grantTitle" : "NIMS_TRIAL_KADAI_TP20230509-1",
    "manager" : {
      "userName" : "USER NAME",
      "organizationName" : "ORGANIZATION"
    },
    "keyName" : [ "invoice.custom.measurement_date" ],
    "modified" : "2024-07-25T09:05:22+09:00",
    "datasetTemplate" : {
      "nameJa" : "NIMS_TRIAL_DATASETTEMPLATE_1",
      "nameEn" : "NIMS_TRIAL_DATASETTEMPLATE_1",
      "version" : "v1.2"
    }
  },
  "data" : {
    "dataId" : "**************************************",
    "dataName" : "test_20240726_1-2 / data_title 2",
    "dataOwner" : {
      "userName" : "TOSAKA,Hiroaki",
      "organizationName" : "NIMS"
    }
  },
  "source" : {
    "sourceId" : "*****************************************************",
    "groupId" : "*****************************************************",
    "nameJa" : "NIMS_サンプル_実験装置",
    "nameEn" : "NIMS_SAMPLE_INSTRUMENT",
    "descriptionJa" : "テストなどに利用する実験装置のサンプルです",
    "manufacturerJa" : "メーカー",
    "manufacturerEn" : "maker",
    "productName" : "NIMS_SAMPLE_INSTRUMENT",
    "dataSourceProgram" : {
      "name" : "NIMS研究および共同研究プロジェクト",
      "localId" : "*****************************************************",
      "typeTermId" : "63aed514-076d-5d2c-aa3f-4dc1f50133e7",
      "nameJa" : "赤外分光",
      "nameEn" : "Infrared Spectroscopy"
    },
    "organizationNameJa" : "物質・材料研究機構",
    "organizationNameEn" : "National Institute for Materials Science"
  },
  "sample" : {
    "sampleId" : "*****************************************************",
    "description" : "説明",
    "sampleCreated" : "2023-02-27T17:26:53+09:00",
    "sampleModified" : "2024-01-15T09:42:29+09:00",
    "sampleName" : [ "NIMS_TRIAL_試料" ],
    "generalSampleAttribute" : [ {
      "termId" : "3adf9874-7bcb-e5f8-99cb-3d6fd9d7b55e",
      "nameJa" : "一般名称",
      "nameEn" : "General name"
    }, {
      "termId" : "0aadfff2-37de-411f-883a-38b62b2abbce",
      "nameJa" : "化学組成",
      "nameEn" : "Chemical composition"
    }, {
      "termId" : "0444cf53-db47-b208-7b5f-54429291a140",
      "nameJa" : "試料分類",
      "nameEn" : "Sample type"
    }, {
      "termId" : "e2d20d02-2e38-2cd3-b1b3-66fdb8a11057",
      "nameJa" : "CAS番号",
      "nameEn" : "CAS Number"
    } ],
    "specificSampleAttribute" : [ {
      "sampleClassId" : "52148afb-6759-23e8-c8b8-33912ec5bfcf",
      "classNameJa" : "半導体",
      "classNameEn" : "semiconductors",
      "termId" : "70c2c751-5404-19b7-4a5e-981e6cebbb15",
      "nameJa" : "名称",
      "nameEn" : "Name"
    }, {
      "sampleClassId" : "961c9637-9b83-0e9d-e60e-ffc1e2517afd",
      "classNameJa" : "セラミックス",
      "classNameEn" : "ceramics",
      "termId" : "70c2c751-5404-19b7-4a5e-981e6cebbb15",
      "nameJa" : "名称",
      "nameEn" : "Name"
    }, {
      "sampleClassId" : "01cb3c01-37a4-5a43-d8ca-f523ca99a75b",
      "classNameJa" : "有機材料",
      "classNameEn" : "organic material",
      "termId" : "dc27a956-263e-f920-e574-5beec912a247",
      "nameJa" : "分子量",
      "nameEn" : "molecular weight"
    } ],
    "sampleOwner" : {
      "userName" : "USER NAME",
      "organizationName" : "ORGANIZATION"
    }
  },
  "invoiceCustom" : [ {
    "itemName" : "measurement_date",
    "itemValue" : "2024-07-26"
  }, {
    "itemName" : "invoice_string1",
    "itemValue" : "1"
  }, {
    "itemName" : "is_divided",
    "itemValue" : "not_divided"
  }, {
    "itemName" : "is_private_raw",
    "itemValue" : "share"
  } ]
}