{
  "filemeta" : [ {
    "filename" : "meta/metadata.json",
    "metadata" : { }
  }, {
    "filename" : "main_image/all_series.png",
    "metadata" : { }
  }, {
    "filename" : "other_image/series1.png",
    "metadata" : { }
  }, {
    "filename" : "other_image/series2.png",
    "metadata" : { }
  }, {
    "filename" : "other_image/series3.png",
    "metadata" : { }
  }, {
    "filename" : "raw/sample.data",
    "metadata" : { }
  }, {
    "filename" : "structured/series1.csv",
    "metadata" : { }
  }, {
    "filename" : "structured/series2.csv",
    "metadata" : { }
  }, {
    "filename" : "structured/series3.csv",
    "metadata" : { }
  } ]
}