{
  "datasetId" : "415dd76f-82a9-4a5e-94d0-198928e3f112",
  "basic" : {
    "dateSubmitted" : "2024-07-26",
    "dataOwnerId" : "*****************************************************",
    "dataName" : "test_20240726_1-2 / data_title 2",
    "instrumentId" : "413e53fb-aec9-41f8-ae55-3f88f6cd8d41",
    "experimentId" : null,
    "description" : null
  },
  "custom" : {
    "measurement_date" : "2024-07-26",
    "invoice_number1" : null,
    "invoice_number2" : null,
    "invoice_string1" : "1",
    "inboice_string2" : null,
    "invoice_list1" : null,
    "is_divided" : "not_divided",
    "is_private_raw" : "share"
  },
  "sample" : {
    "sampleId" : "*****************************************************",
    "names" : [ "NIMS_TRIAL_試料" ],
    "composition" : null,
    "referenceUrl" : null,
    "description" : "説明",
    "generalAttributes" : [ {
      "termId" : "3adf9874-7bcb-e5f8-99cb-3d6fd9d7b55e",
      "value" : null
    }, {
      "termId" : "0aadfff2-37de-411f-883a-38b62b2abbce",
      "value" : null
    }, {
      "termId" : "0444cf53-db47-b208-7b5f-54429291a140",
      "value" : null
    }, {
      "termId" : "e2d20d02-2e38-2cd3-b1b3-66fdb8a11057",
      "value" : null
    } ],
    "specificAttributes" : [ {
      "classId" : "52148afb-6759-23e8-c8b8-33912ec5bfcf",
      "termId" : "70c2c751-5404-19b7-4a5e-981e6cebbb15",
      "value" : null
    }, {
      "classId" : "961c9637-9b83-0e9d-e60e-ffc1e2517afd",
      "termId" : "70c2c751-5404-19b7-4a5e-981e6cebbb15",
      "value" : null
    }, {
      "classId" : "01cb3c01-37a4-5a43-d8ca-f523ca99a75b",
      "termId" : "dc27a956-263e-f920-e574-5beec912a247",
      "value" : null
    } ],
    "ownerId" : "*****************************************************"
  }
}