{
    "$schema": "https://json-schema.org/draft/2020-12/schema",
    "$id": "https://rde.nims.go.jp/rde/dataset-templates/dataset_template__material_option_sample/invoice.schema.json",
    "description": "RDEデータセットテンプレートサンプル試料オプションありinvoice",
    "type": "object",
    "required": [
        "sample"
    ],
    "properties": {
        "sample": {
            "type": "object",
            "label": {
                "ja": "試料情報",
                "en": "Sample Information"
            },
            "properties": {
                "generalAttributes": {
                    "type": "array",
                    "items": [
                        {
                            "type": "object",
                            "required": [
                                "termId"
                            ],
                            "properties": {
                                "termId": {
                                    "const": "3adf9874-7bcb-e5f8-99cb-3d6fd9d7b55e"
                                }
                            }
                        },
                        {
                            "type": "object",
                            "required": [
                                "termId"
                            ],
                            "properties": {
                                "termId": {
                                    "const": "0aadfff2-37de-411f-883a-38b62b2abbce"
                                }
                            }
                        },
                        {
                            "type": "object",
                            "required": [
                                "termId"
                            ],
                            "properties": {
                                "termId": {
                                    "const": "0444cf53-db47-b208-7b5f-54429291a140"
                                }
                            }
                        },
                        {
                            "type": "object",
                            "required": [
                                "termId"
                            ],
                            "properties": {
                                "termId": {
                                    "const": "e2d20d02-2e38-2cd3-b1b3-66fdb8a11057"
                                }
                            }
                        }
                    ]
                },
                "specificAttributes": {
                    "type": "array",
                    "items": [
                        {
                            "type": "object",
                            "required": [
                                "classId",
                                "termId"
                            ],
                            "properties": {
                                "classId": {
                                    "const": "52148afb-6759-23e8-c8b8-33912ec5bfcf"
                                },
                                "termId": {
                                    "const": "70c2c751-5404-19b7-4a5e-981e6cebbb15"
                                }
                            }
                        },
                        {
                            "type": "object",
                            "required": [
                                "classId",
                                "termId"
                            ],
                            "properties": {
                                "classId": {
                                    "const": "961c9637-9b83-0e9d-e60e-ffc1e2517afd"
                                },
                                "termId": {
                                    "const": "70c2c751-5404-19b7-4a5e-981e6cebbb15"
                                }
                            }
                        },
                        {
                            "type": "object",
                            "required": [
                                "classId",
                                "termId"
                            ],
                            "properties": {
                                "classId": {
                                    "const": "01cb3c01-37a4-5a43-d8ca-f523ca99a75b"
                                },
                                "termId": {
                                    "const": "dc27a956-263e-f920-e574-5beec912a247"
                                }
                            }
                        }
                    ]
                }
            }
        }
    }
}