{
    "datasetId": "8fdec13d-bca2-4808-8753-2bb7e4e9c927",
    "basic": {
        "dateSubmitted": "2023-01-26",
        "dataOwnerId": "119cae3d3612df5f6cf7085fb8deaa2d1b85ce963536323462353734",
        "dataName": "NIMS_TRIAL_20230126b / (2024)",
        "instrumentId": "413e53fb-aec9-41f8-ae55-3f88f6cd8d41",
        "experimentId": null,
        "description": ""
    },
    "custom": {
        "data_type": "base",
        "measurement_date": "2023-01-25",
        "invoice_string1": "送状文字入力値1",
        "invoice_string2": null,
        "is_devided": "devided",
        "is_private_raw": "private"
    },
    "sample": {
        "sampleId": "4d6de819-4b42-4dfe-9619-a0a0588653bc",
        "names": [
            "試料"
        ],
        "composition": null,
        "referenceUrl": null,
        "description": null,
        "generalAttributes": [
            {
                "termId": "3adf9874-7bcb-e5f8-99cb-3d6fd9d7b55e",
                "value": null
            },
            {
                "termId": "0aadfff2-37de-411f-883a-38b62b2abbce",
                "value": null
            },
            {
                "termId": "0444cf53-db47-b208-7b5f-54429291a140",
                "value": null
            },
            {
                "termId": "e2d20d02-2e38-2cd3-b1b3-66fdb8a11057",
                "value": null
            }
        ],
        "specificAttributes": [
            {
                "classId": "52148afb-6759-23e8-c8b8-33912ec5bfcf",
                "termId": "70c2c751-5404-19b7-4a5e-981e6cebbb15",
                "value": null
            },
            {
                "classId": "961c9637-9b83-0e9d-e60e-ffc1e2517afd",
                "termId": "70c2c751-5404-19b7-4a5e-981e6cebbb15",
                "value": null
            },
            {
                "classId": "01cb3c01-37a4-5a43-d8ca-f523ca99a75b",
                "termId": "dc27a956-263e-f920-e574-5beec912a247",
                "value": null
            }
        ],
        "ownerId": "119cae3d3612df5f6cf7085fb8deaa2d1b85ce963536323462353734"
    }
}