{
    "$schema": "https://json-schema.org/draft/2020-12/schema",
    "$id": "https://rde.nims.go.jp/rde/dataset-templates/dataset_template__material_minimum_sample/catalog.schema.json",
    "type": "object",
    "required": [
        "catalog"
    ],
    "description": "dataset_template__material_minimum_sample",
    "properties": {
        "catalog": {
            "type": "object",
            "label": {
                "ja": "RDEデータセットテンプレートサンプル試料最小構成",
                "en": "dataset_template__material_minimum_sample"
            },
            "required": [],
            "properties": {
                "dataset_title": {
                    "label": {
                        "ja": "データセット名",
                        "en": "Dataset Title"
                    },
                    "type": "string"
                },
                "abstract": {
                    "label": {
                        "ja": "概要",
                        "en": "Abstract"
                    },
                    "type": "string"
                },
                "data_creator": {
                    "label": {
                        "ja": "作成者",
                        "en": "Data Creator"
                    },
                    "type": "string"
                },
                "experimental_apparatus": {
                    "label": {
                        "ja": "使用装置",
                        "en": "Experimental Apparatus"
                    },
                    "type": "string"
                },
                "data_distribution": {
                    "label": {
                        "ja": "データの再配布",
                        "en": "Data Distribution"
                    },
                    "type": "string"
                },
                "raw_data_type": {
                    "label": {
                        "ja": "データの種類",
                        "en": "Raw Data Type"
                    },
                    "type": "string"
                },
                "stored_data": {
                    "label": {
                        "ja": "格納データ",
                        "en": "Stored Data"
                    },
                    "type": "string"
                },
                "remarks": {
                    "label": {
                        "ja": "備考",
                        "en": "Remarks"
                    },
                    "type": "string"
                },
                "references": {
                    "label": {
                        "ja": "参考論文",
                        "en": "References"
                    },
                    "type": "string"
                }
            }
        }
    }
}