{
    "$schema": "https://json-schema.org/draft/2020-12/schema",
    "$id": "https://rde.nims.go.jp/rde/dataset-templates/dataset_template__material_minimum_sample/invoice.schema.json",
    "description": "RDEデータセットテンプレートサンプル試料最小構成invoice",
    "type": "object",
    "required": [
        "sample"
    ],
    "properties": {
        "sample": {
            "type": "object",
            "label": {
                "ja": "試料情報",
                "en": "Sample Information"
            },
            "properties": {}
        }
    }
}