{
    "$schema": "https://json-schema.org/draft/2020-12/schema",
    "$id": "https://rde.nims.go.jp/rde/dataset-templates/dataset_template_custom_sample/invoice.schema.json",
    "description": "RDEデータセットテンプレートサンプル固有情報invoice",
    "type": "object",
    "required": [
        "custom"
    ],
    "properties": {
        "custom": {
            "type": "object",
            "label": {
                "ja": "固有情報",
                "en": "Custom Information"
            },
            "required": [
                "measurement_date",
                "invoice_string1"
            ],
            "properties": {
                "measurement_date": {
                    "label": {
                        "ja": "測定日時",
                        "en": "measurement date"
                    },
                    "type": "string",
                    "format": "date"
                },
                "invoice_number1": {
                    "label": {
                        "ja": "送状状数値入力値1",
                        "en": "invoice_number1"
                    },
                    "type": "number"
                },
                "invoice_number2": {
                    "label": {
                        "ja": "送状状数値入力値2",
                        "en": "invoice_number2"
                    },
                    "type": "number"
                },
                "invoice_string1": {
                    "label": {
                        "ja": "送状文字入力値1",
                        "en": "invoice_string1"
                    },
                    "type": "string"
                },
                "inboice_string2": {
                    "label": {
                        "ja": "送状文字入力値2",
                        "en": "inboice_string2"
                    },
                    "type": "string",
                    "options": {
                        "widget": "textarea",
                        "rows": 3
                    }
                },
                "invoice_list1": {
                    "label": {
                        "ja": "送状状選択値1",
                        "en": "invoice_list1"
                    },
                    "type": "string",
                    "enum": [
                        "selectable1",
                        "selectable2",
                        "selectable3"
                    ]
                }
            }
        }
    }
}