{
    "$schema": "https://json-schema.org/draft/2020-12/schema",
    "$id": "TEST_NIMS_Sample_Template_v0.0",
    "description": "None",
    "type": "object",
    "required": [
        "custom"
    ],
    "properties": {
        "custom": {
            "type": "object",
            "label": {
                "ja": "固有情報",
                "en": "Custom Information"
            },
            "required": [],
            "properties": {
                "measurement_date": {
                    "label": {
                        "ja": "計測年月日",
                        "en": "measurement_date"
                    },
                    "type": "string",
                    "format": "date"
                },
                "invoice_string1": {
                    "label": {
                        "ja": "文字列1",
                        "en": "invoice_string1"
                    },
                    "type": "string"
                },
                "invoice_string2": {
                    "label": {
                        "ja": "文字列2",
                        "en": "invoice_string2"
                    },
                    "type": "string"
                },
                "is_devided": {
                    "label": {
                        "ja": "複数ファイル区分",
                        "en": "is_devided"
                    },
                    "type": "string"
                },
                "is_private_raw": {
                    "label": {
                        "ja": "公開区分",
                        "en": "is_private_raw"
                    },
                    "type": "string"
                }
            }
        }
    }
}
